Away,Home,Result,Date
LAL,DEN,0,2023-10-24
PHO,GSW,1,2023-10-24
ATL,CHO,0,2023-10-25
BOS,NYK,1,2023-10-25
CLE,BRK,1,2023-10-25
DAL,SAS,1,2023-10-25
DET,MIA,0,2023-10-25
HOU,ORL,0,2023-10-25
MIN,TOR,0,2023-10-25
NOP,MEM,1,2023-10-25
OKC,CHI,1,2023-10-25
POR,LAC,0,2023-10-25
SAC,UTA,1,2023-10-25
WAS,IND,0,2023-10-25
PHI,MIL,0,2023-10-26
PHO,LAL,0,2023-10-26
BRK,DAL,0,2023-10-27
DEN,MEM,1,2023-10-27
DET,CHO,1,2023-10-27
GSW,SAC,1,2023-10-27
HOU,SAS,0,2023-10-27
LAC,UTA,0,2023-10-27
MIA,BOS,0,2023-10-27
NYK,ATL,1,2023-10-27
OKC,CLE,1,2023-10-27
ORL,POR,1,2023-10-27
TOR,CHI,0,2023-10-27
CHI,DET,0,2023-10-28
IND,CLE,1,2023-10-28
MEM,WAS,0,2023-10-28
MIA,MIN,0,2023-10-28
NYK,NOP,0,2023-10-28
PHI,TOR,1,2023-10-28
UTA,PHO,0,2023-10-28
ATL,MIL,1,2023-10-29
DEN,OKC,1,2023-10-29
GSW,HOU,1,2023-10-29
LAL,SAC,0,2023-10-29
POR,PHI,0,2023-10-29
SAS,LAC,0,2023-10-29
BOS,WAS,1,2023-10-30
BRK,CHO,1,2023-10-30
CHI,IND,1,2023-10-30
DAL,MEM,1,2023-10-30
DET,OKC,0,2023-10-30
GSW,NOP,1,2023-10-30
MIA,MIL,0,2023-10-30
MIN,ATL,0,2023-10-30
ORL,LAL,0,2023-10-30
POR,TOR,1,2023-10-30
UTA,DEN,0,2023-10-30
NYK,CLE,1,2023-10-31
ORL,LAC,0,2023-10-31
SAS,PHO,1,2023-10-31
BRK,MIA,1,2023-11-01
CHI,DAL,0,2023-11-01
CHO,HOU,0,2023-11-01
CLE,NYK,1,2023-11-01
DEN,MIN,0,2023-11-01
IND,BOS,0,2023-11-01
LAC,LAL,0,2023-11-01
MEM,UTA,0,2023-11-01
MIL,TOR,0,2023-11-01
NOP,OKC,1,2023-11-01
POR,DET,1,2023-11-01
SAC,GSW,0,2023-11-01
WAS,ATL,0,2023-11-01
DET,NOP,0,2023-11-02
ORL,UTA,1,2023-11-02
SAS,PHO,1,2023-11-02
TOR,PHI,0,2023-11-02
BRK,CHI,1,2023-11-03
CLE,IND,0,2023-11-03
DAL,DEN,0,2023-11-03
GSW,OKC,1,2023-11-03
MEM,POR,0,2023-11-03
NYK,MIL,0,2023-11-03
WAS,MIA,0,2023-11-03
ATL,NOP,1,2023-11-04
BOS,BRK,1,2023-11-04
CHI,DEN,0,2023-11-04
CHO,IND,1,2023-11-04
LAL,ORL,0,2023-11-04
PHO,PHI,0,2023-11-04
SAC,HOU,0,2023-11-04
UTA,MIN,0,2023-11-04
CHO,DAL,0,2023-11-05
GSW,CLE,0,2023-11-05
MEM,POR,1,2023-11-05
PHO,DET,1,2023-11-05
TOR,SAS,1,2023-11-05
ATL,OKC,0,2023-11-06
BOS,MIN,0,2023-11-06
DAL,ORL,1,2023-11-06
GSW,DET,1,2023-11-06
LAC,NYK,0,2023-11-06
LAL,MIA,0,2023-11-06
MIL,BRK,1,2023-11-06
NOP,DEN,0,2023-11-06
SAC,HOU,0,2023-11-06
SAS,IND,0,2023-11-06
UTA,CHI,0,2023-11-06
WAS,PHI,0,2023-11-06
BOS,PHI,0,2023-11-08
CLE,OKC,0,2023-11-08
DET,MIL,0,2023-11-08
GSW,DEN,0,2023-11-08
LAC,BRK,0,2023-11-08
LAL,HOU,0,2023-11-08
MIA,MEM,1,2023-11-08
NOP,MIN,0,2023-11-08
PHO,CHI,1,2023-11-08
POR,SAC,0,2023-11-08
SAS,NYK,0,2023-11-08
TOR,DAL,1,2023-11-08
UTA,IND,0,2023-11-08
WAS,CHO,1,2023-11-08
ATL,ORL,1,2023-11-09
MIL,IND,0,2023-11-09
BRK,BOS,0,2023-11-10
CHO,WAS,1,2023-11-10
LAC,DAL,0,2023-11-10
LAL,PHO,1,2023-11-10
MIN,SAS,1,2023-11-10
NOP,HOU,0,2023-11-10
OKC,SAC,0,2023-11-10
PHI,DET,1,2023-11-10
UTA,MEM,1,2023-11-10
CLE,GSW,1,2023-11-11
MIA,ATL,1,2023-11-11
MIL,ORL,0,2023-11-11
TOR,BOS,0,2023-11-11
CHO,NYK,0,2023-11-12
DAL,NOP,1,2023-11-12
DEN,HOU,0,2023-11-12
DET,CHI,0,2023-11-12
IND,PHI,0,2023-11-12
MEM,LAC,1,2023-11-12
MIA,SAS,1,2023-11-12
MIN,GSW,1,2023-11-12
OKC,PHO,1,2023-11-12
POR,LAL,0,2023-11-12
WAS,BRK,0,2023-11-12
CHI,MIL,0,2023-11-13
CLE,SAC,0,2023-11-13
NYK,BOS,0,2023-11-13
WAS,TOR,0,2023-11-13
ATL,DET,1,2023-11-14
DAL,NOP,0,2023-11-14
IND,PHI,1,2023-11-14
LAC,DEN,0,2023-11-14
MEM,LAL,0,2023-11-14
MIA,CHO,1,2023-11-14
MIN,GSW,1,2023-11-14
ORL,BRK,0,2023-11-14
POR,UTA,0,2023-11-14
SAS,OKC,0,2023-11-14
BOS,PHI,1,2023-11-15
CLE,POR,1,2023-11-15
DAL,WAS,1,2023-11-15
MIL,TOR,1,2023-11-15
MIN,PHO,0,2023-11-15
NYK,ATL,1,2023-11-15
ORL,CHI,1,2023-11-15
SAC,LAL,1,2023-11-15
BRK,MIA,0,2023-11-16
OKC,GSW,1,2023-11-16
BOS,TOR,1,2023-11-17
DEN,NOP,0,2023-11-17
DET,CLE,0,2023-11-17
HOU,LAC,0,2023-11-17
LAL,POR,1,2023-11-17
MIL,CHO,1,2023-11-17
NYK,WAS,1,2023-11-17
ORL,CHI,1,2023-11-17
PHI,ATL,1,2023-11-17
PHO,UTA,1,2023-11-17
SAC,SAS,1,2023-11-17
DAL,MIL,0,2023-11-18
MEM,SAS,1,2023-11-18
MIA,CHI,0,2023-11-18
MIN,NOP,1,2023-11-18
NYK,CHO,1,2023-11-18
OKC,GSW,1,2023-11-18
BOS,MEM,1,2023-11-19
DEN,CLE,0,2023-11-19
DET,TOR,0,2023-11-19
HOU,LAL,0,2023-11-19
OKC,POR,1,2023-11-19
ORL,IND,1,2023-11-19
PHI,BRK,1,2023-11-19
PHO,UTA,1,2023-11-19
SAC,DAL,1,2023-11-19
BOS,CHO,0,2023-11-20
DEN,DET,1,2023-11-20
HOU,GSW,0,2023-11-20
LAC,SAS,1,2023-11-20
MIA,CHI,1,2023-11-20
MIL,WAS,1,2023-11-20
NYK,MIN,0,2023-11-20
SAC,NOP,0,2023-11-20
CLE,PHI,1,2023-11-21
IND,ATL,1,2023-11-21
POR,PHO,0,2023-11-21
TOR,ORL,0,2023-11-21
UTA,LAL,0,2023-11-21
BRK,ATL,0,2023-11-22
CHI,OKC,0,2023-11-22
DAL,LAL,1,2023-11-22
DEN,ORL,0,2023-11-22
GSW,PHO,0,2023-11-22
LAC,SAS,1,2023-11-22
MEM,HOU,0,2023-11-22
MIA,CLE,1,2023-11-22
MIL,BOS,0,2023-11-22
PHI,MIN,0,2023-11-22
SAC,NOP,0,2023-11-22
TOR,IND,1,2023-11-22
UTA,POR,0,2023-11-22
WAS,CHO,0,2023-11-22
BOS,ORL,0,2023-11-24
CHI,TOR,0,2023-11-24
DEN,HOU,0,2023-11-24
DET,IND,0,2023-11-24
MIA,NYK,0,2023-11-24
NOP,LAC,1,2023-11-24
PHO,MEM,1,2023-11-24
SAC,MIN,1,2023-11-24
SAS,GSW,0,2023-11-24
WAS,MIL,0,2023-11-24
ATL,WAS,1,2023-11-25
DAL,LAC,0,2023-11-25
LAL,CLE,1,2023-11-25
MIA,BRK,0,2023-11-25
NOP,UTA,0,2023-11-25
PHI,OKC,1,2023-11-25
ATL,BOS,0,2023-11-26
CHI,BRK,0,2023-11-26
CHO,ORL,0,2023-11-26
MIN,MEM,1,2023-11-26
PHO,NYK,1,2023-11-26
POR,MIL,0,2023-11-26
SAS,DEN,0,2023-11-26
TOR,CLE,0,2023-11-26
DEN,LAC,1,2023-11-27
LAL,PHI,0,2023-11-27
NOP,UTA,0,2023-11-27
POR,IND,1,2023-11-27
WAS,DET,1,2023-11-27
ATL,CLE,0,2023-11-28
CHI,BOS,0,2023-11-28
CHO,NYK,0,2023-11-28
GSW,SAC,0,2023-11-28
HOU,DAL,0,2023-11-28
MIL,MIA,1,2023-11-28
OKC,MIN,0,2023-11-28
TOR,BRK,0,2023-11-28
HOU,DEN,0,2023-11-29
LAC,SAC,1,2023-11-29
LAL,DET,1,2023-11-29
PHI,NOP,0,2023-11-29
PHO,TOR,0,2023-11-29
UTA,MEM,0,2023-11-29
WAS,ORL,0,2023-11-29
ATL,SAS,1,2023-11-30
CHO,BRK,1,2023-11-30
DET,NYK,0,2023-11-30
IND,MIA,0,2023-11-30
LAC,GSW,0,2023-11-30
LAL,OKC,0,2023-11-30
MIL,CHI,0,2023-11-30
POR,CLE,1,2023-11-30
UTA,MIN,0,2023-11-30
DEN,PHO,1,2023-12-01
MEM,DAL,1,2023-12-01
NYK,TOR,1,2023-12-01
PHI,BOS,0,2023-12-01
SAS,NOP,0,2023-12-01
WAS,ORL,0,2023-12-01
ATL,MIL,0,2023-12-02
CLE,DET,1,2023-12-02
DEN,SAC,0,2023-12-02
GSW,LAC,0,2023-12-02
HOU,LAL,0,2023-12-02
IND,MIA,1,2023-12-02
MEM,PHO,0,2023-12-02
MIN,CHO,1,2023-12-02
NOP,CHI,0,2023-12-02
OKC,DAL,1,2023-12-02
ORL,BRK,0,2023-12-02
POR,UTA,0,2023-12-02
BOS,IND,0,2023-12-04
NOP,SAC,1,2023-12-04
NYK,MIL,0,2023-12-05
PHO,LAL,0,2023-12-05
BRK,ATL,1,2023-12-06
CHO,CHI,0,2023-12-06
DEN,LAC,0,2023-12-06
MEM,DET,1,2023-12-06
MIA,TOR,1,2023-12-06
OKC,HOU,0,2023-12-06
ORL,CLE,0,2023-12-06
PHI,WAS,1,2023-12-06
POR,GSW,0,2023-12-06
SAS,MIN,0,2023-12-06
UTA,DAL,0,2023-12-06
IND,MIL,1,2023-12-07
NOP,LAL,0,2023-12-07
ATL,PHI,0,2023-12-08
CHI,SAS,1,2023-12-08
CLE,MIA,1,2023-12-08
DAL,POR,1,2023-12-08
DET,ORL,0,2023-12-08
GSW,OKC,0,2023-12-08
HOU,DEN,1,2023-12-08
LAC,UTA,1,2023-12-08
MIN,MEM,1,2023-12-08
NYK,BOS,0,2023-12-08
SAC,PHO,1,2023-12-08
TOR,CHO,0,2023-12-08
WAS,BRK,0,2023-12-08
BRK,SAC,0,2023-12-11
CHI,MIL,0,2023-12-11
CLE,ORL,0,2023-12-11
DAL,MEM,1,2023-12-11
DEN,ATL,1,2023-12-11
IND,DET,1,2023-12-11
MIA,CHO,1,2023-12-11
MIN,NOP,0,2023-12-11
POR,LAC,0,2023-12-11
SAS,HOU,0,2023-12-11
TOR,NYK,0,2023-12-11
UTA,OKC,0,2023-12-11
WAS,PHI,0,2023-12-11
CLE,BOS,0,2023-12-12
DEN,CHI,1,2023-12-12
GSW,PHO,0,2023-12-12
LAL,DAL,0,2023-12-12
SAC,LAC,0,2023-12-12
ATL,TOR,0,2023-12-13
BRK,PHO,1,2023-12-13
CHO,MIA,0,2023-12-13
IND,MIL,0,2023-12-13
LAL,SAS,1,2023-12-13
MEM,HOU,0,2023-12-13
NOP,WAS,1,2023-12-13
NYK,UTA,0,2023-12-13
PHI,DET,1,2023-12-13
BRK,DEN,0,2023-12-14
CHI,MIA,1,2023-12-14
CLE,BOS,0,2023-12-14
GSW,LAC,0,2023-12-14
MIN,DAL,1,2023-12-14
OKC,SAC,0,2023-12-14
UTA,POR,1,2023-12-14
ATL,TOR,1,2023-12-15
DET,PHI,0,2023-12-15
HOU,MEM,1,2023-12-15
IND,WAS,0,2023-12-15
LAL,SAS,0,2023-12-15
NOP,CHO,1,2023-12-15
NYK,PHO,1,2023-12-15
ORL,BOS,0,2023-12-15
ATL,CLE,0,2023-12-16
BRK,GSW,0,2023-12-16
CHI,MIA,0,2023-12-16
DAL,POR,1,2023-12-16
DET,MIL,0,2023-12-16
IND,MIN,0,2023-12-16
NYK,LAC,0,2023-12-16
OKC,DEN,1,2023-12-16
PHI,CHO,1,2023-12-16
UTA,SAC,0,2023-12-16
GSW,POR,1,2023-12-17
HOU,MIL,0,2023-12-17
NOP,SAS,1,2023-12-17
ORL,BOS,0,2023-12-17
WAS,PHO,0,2023-12-17
BRK,UTA,0,2023-12-18
CHI,PHI,1,2023-12-18
CHO,TOR,0,2023-12-18
DAL,DEN,0,2023-12-18
DET,ATL,0,2023-12-18
HOU,CLE,0,2023-12-18
LAC,IND,1,2023-12-18
MEM,OKC,0,2023-12-18
MIN,MIA,1,2023-12-18
NYK,LAL,1,2023-12-18
WAS,SAC,0,2023-12-18
BOS,GSW,0,2023-12-19
MEM,NOP,1,2023-12-19
PHO,POR,0,2023-12-19
SAS,MIL,0,2023-12-19
ATL,HOU,1,2023-12-20
BOS,SAC,1,2023-12-20
CHO,IND,0,2023-12-20
DEN,TOR,1,2023-12-20
LAC,DAL,1,2023-12-20
LAL,CHI,0,2023-12-20
MIA,ORL,1,2023-12-20
MIN,PHI,0,2023-12-20
NYK,BRK,1,2023-12-20
UTA,CLE,0,2023-12-20
IND,MEM,0,2023-12-21
LAC,OKC,0,2023-12-21
LAL,MIN,0,2023-12-21
NOP,CLE,1,2023-12-21
ORL,MIL,0,2023-12-21
SAS,CHI,0,2023-12-21
UTA,DET,1,2023-12-21
WAS,POR,1,2023-12-21
ATL,MIA,0,2023-12-22
DAL,HOU,0,2023-12-22
DEN,BRK,1,2023-12-22
PHO,SAC,0,2023-12-22
TOR,PHI,0,2023-12-22
WAS,GSW,0,2023-12-22
BOS,LAC,1,2023-12-23
CLE,CHI,1,2023-12-23
DEN,CHO,1,2023-12-23
DET,BRK,0,2023-12-23
HOU,NOP,1,2023-12-23
LAL,OKC,1,2023-12-23
MEM,ATL,1,2023-12-23
MIL,NYK,1,2023-12-23
MIN,SAC,1,2023-12-23
ORL,IND,1,2023-12-23
POR,GSW,0,2023-12-23
SAS,DAL,0,2023-12-23
UTA,TOR,1,2023-12-23
BOS,LAL,1,2023-12-25
DAL,PHO,1,2023-12-25
GSW,DEN,0,2023-12-25
MIL,NYK,0,2023-12-25
PHI,MIA,0,2023-12-25
ATL,CHI,0,2023-12-26
BRK,DET,1,2023-12-26
CHO,LAC,0,2023-12-26
IND,HOU,1,2023-12-26
MEM,NOP,1,2023-12-26
MIN,OKC,0,2023-12-26
ORL,WAS,1,2023-12-26
SAC,POR,0,2023-12-26
UTA,SAS,1,2023-12-26
CLE,DAL,1,2023-12-27
MIL,BRK,1,2023-12-27
NYK,OKC,0,2023-12-27
PHI,ORL,1,2023-12-27
PHO,HOU,1,2023-12-27
TOR,WAS,1,2023-12-27
CHO,LAL,0,2023-12-28
DAL,MIN,0,2023-12-28
DET,BOS,0,2023-12-28
IND,CHI,1,2023-12-28
MEM,DEN,0,2023-12-28
MIA,GSW,1,2023-12-28
SAS,POR,1,2023-12-28
UTA,NOP,0,2023-12-28
BRK,WAS,0,2023-12-29
CHO,PHO,0,2023-12-29
MEM,LAC,0,2023-12-29
MIL,CLE,1,2023-12-29
NYK,ORL,0,2023-12-29
OKC,DEN,1,2023-12-29
PHI,HOU,1,2023-12-29
SAC,ATL,1,2023-12-29
SAS,POR,0,2023-12-29
TOR,BOS,0,2023-12-29
DAL,GSW,1,2023-12-30
LAL,MIN,0,2023-12-30
MIA,UTA,0,2023-12-30
NYK,IND,0,2023-12-30
PHI,CHI,0,2023-12-30
TOR,DET,0,2023-12-30
ATL,WAS,1,2023-12-31
BOS,SAS,1,2023-12-31
BRK,OKC,0,2023-12-31
LAL,NOP,0,2023-12-31
ORL,PHO,0,2023-12-31
SAC,MEM,1,2023-12-31
CHO,DEN,0,2024-01-01
CLE,TOR,0,2024-01-01
DAL,UTA,0,2024-01-01
DET,HOU,0,2024-01-01
IND,MIL,1,2024-01-01
MIA,LAC,0,2024-01-01
MIN,NYK,0,2024-01-01
POR,PHO,0,2024-01-01
BOS,OKC,0,2024-01-02
BRK,NOP,0,2024-01-02
CHI,PHI,0,2024-01-02
CHO,SAC,1,2024-01-02
ORL,GSW,0,2024-01-02
SAS,MEM,0,2024-01-02
BRK,HOU,0,2024-01-03
CHI,NYK,0,2024-01-03
DET,UTA,0,2024-01-03
LAC,PHO,1,2024-01-03
MIA,LAL,1,2024-01-03
MIL,IND,0,2024-01-03
NOP,MIN,1,2024-01-03
OKC,ATL,0,2024-01-03
ORL,SAC,0,2024-01-03
POR,DAL,0,2024-01-03
TOR,MEM,1,2024-01-03
WAS,CLE,0,2024-01-03
DEN,GSW,1,2024-01-04
MIL,SAS,1,2024-01-04
ATL,IND,0,2024-01-05
CHO,CHI,0,2024-01-05
DET,GSW,0,2024-01-05
LAC,NOP,1,2024-01-05
MEM,LAL,1,2024-01-05
MIA,PHO,0,2024-01-05
MIN,HOU,1,2024-01-05
NYK,PHI,1,2024-01-05
OKC,BRK,0,2024-01-05
ORL,DEN,1,2024-01-05
POR,DAL,0,2024-01-05
TOR,SAC,0,2024-01-05
UTA,BOS,0,2024-01-05
WAS,CLE,0,2024-01-05
BOS,IND,1,2024-01-06
MIL,HOU,0,2024-01-06
NYK,WAS,1,2024-01-06
UTA,PHI,1,2024-01-06
ATL,ORL,0,2024-01-07
DET,DEN,0,2024-01-07
LAC,LAL,0,2024-01-07
MEM,PHO,1,2024-01-07
MIN,DAL,0,2024-01-07
NOP,SAC,1,2024-01-07
POR,BRK,1,2024-01-07
SAS,CLE,0,2024-01-07
TOR,GSW,1,2024-01-07
BOS,IND,0,2024-01-08
CHI,CHO,1,2024-01-08
HOU,MIA,0,2024-01-08
OKC,WAS,1,2024-01-08
PHO,LAC,0,2024-01-08
UTA,MIL,1,2024-01-08
MEM,DAL,1,2024-01-09
MIN,ORL,1,2024-01-09
POR,NYK,0,2024-01-09
SAC,DET,1,2024-01-09
TOR,LAL,0,2024-01-09
DEN,UTA,0,2024-01-10
HOU,CHI,0,2024-01-10
MIN,BOS,0,2024-01-10
NOP,GSW,1,2024-01-10
OKC,MIA,1,2024-01-10
PHI,ATL,0,2024-01-10
SAC,CHO,1,2024-01-10
SAS,DET,1,2024-01-10
TOR,LAC,0,2024-01-10
WAS,IND,0,2024-01-10
BOS,MIL,0,2024-01-11
BRK,CLE,0,2024-01-11
NYK,DAL,0,2024-01-11
PHO,LAL,1,2024-01-11
POR,OKC,0,2024-01-11
CHO,SAS,0,2024-01-12
GSW,CHI,1,2024-01-12
HOU,DET,1,2024-01-12
IND,ATL,1,2024-01-12
LAC,MEM,1,2024-01-12
NOP,DEN,0,2024-01-12
ORL,MIA,0,2024-01-12
POR,MIN,0,2024-01-12
SAC,PHI,0,2024-01-12
TOR,UTA,0,2024-01-12
CHI,SAS,1,2024-01-13
GSW,MIL,0,2024-01-13
HOU,BOS,0,2024-01-13
LAL,UTA,0,2024-01-13
NOP,DAL,1,2024-01-13
NYK,MEM,1,2024-01-13
ORL,OKC,0,2024-01-13
WAS,ATL,1,2024-01-13
CHO,MIA,0,2024-01-14
IND,DEN,0,2024-01-14
LAC,MIN,0,2024-01-14
PHO,POR,1,2024-01-14
SAC,MIL,0,2024-01-14
BOS,TOR,1,2024-01-15
CHI,CLE,0,2024-01-15
DET,WAS,1,2024-01-15
GSW,MEM,0,2024-01-15
HOU,PHI,0,2024-01-15
IND,UTA,0,2024-01-15
MIA,BRK,1,2024-01-15
NOP,DAL,0,2024-01-15
OKC,LAL,0,2024-01-15
ORL,NYK,1,2024-01-15
SAS,ATL,0,2024-01-15
DEN,PHI,0,2024-01-16
OKC,LAC,0,2024-01-16
SAC,PHO,0,2024-01-16
BRK,POR,0,2024-01-17
CHO,NOP,0,2024-01-17
DAL,LAL,0,2024-01-17
HOU,NYK,0,2024-01-17
MIA,TOR,0,2024-01-17
MIL,CLE,0,2024-01-17
MIN,DET,1,2024-01-17
ORL,ATL,0,2024-01-17
SAS,BOS,0,2024-01-17
CHI,TOR,1,2024-01-18
IND,SAC,1,2024-01-18
MEM,MIN,0,2024-01-18
OKC,UTA,1,2024-01-18
WAS,NYK,0,2024-01-18
ATL,MIA,1,2024-01-19
BRK,LAL,1,2024-01-19
DEN,BOS,1,2024-01-19
IND,POR,0,2024-01-19
PHI,ORL,1,2024-01-19
PHO,NOP,1,2024-01-19
SAS,CHO,0,2024-01-19
CLE,ATL,1,2024-01-20
MEM,CHI,0,2024-01-20
MIL,DET,1,2024-01-20
OKC,MIN,1,2024-01-20
PHI,CHO,1,2024-01-20
SAS,WAS,1,2024-01-20
TOR,NYK,0,2024-01-20
UTA,HOU,0,2024-01-20
BOS,HOU,1,2024-01-21
BRK,LAC,0,2024-01-21
DEN,WAS,1,2024-01-21
IND,PHO,0,2024-01-21
MIA,ORL,0,2024-01-21
POR,LAL,0,2024-01-21
ATL,SAC,0,2024-01-22
BOS,DAL,1,2024-01-22
CHI,PHO,0,2024-01-22
CHO,MIN,1,2024-01-22
CLE,ORL,1,2024-01-22
MEM,TOR,1,2024-01-22
MIL,DET,1,2024-01-22
SAS,PHI,0,2024-01-22
DEN,IND,1,2024-01-23
LAL,LAC,0,2024-01-23
NYK,BRK,1,2024-01-23
POR,OKC,0,2024-01-23
UTA,NOP,0,2024-01-23
ATL,GSW,0,2024-01-24
CHO,DET,0,2024-01-24
CLE,MIL,0,2024-01-24
MEM,MIA,1,2024-01-24
MIN,WAS,1,2024-01-24
OKC,SAS,1,2024-01-24
PHO,DAL,1,2024-01-24
POR,HOU,1,2024-01-24
BOS,MIA,1,2024-01-25
CHI,LAL,0,2024-01-25
DEN,NYK,0,2024-01-25
MIN,BRK,1,2024-01-25
PHI,IND,0,2024-01-25
SAC,GSW,1,2024-01-25
UTA,WAS,1,2024-01-25
CLE,MIL,1,2024-01-26
DAL,ATL,1,2024-01-26
HOU,CHO,1,2024-01-26
LAC,TOR,1,2024-01-26
OKC,NOP,1,2024-01-26
ORL,MEM,0,2024-01-26
PHO,IND,0,2024-01-26
POR,SAS,0,2024-01-26
HOU,BRK,0,2024-01-27
LAC,BOS,1,2024-01-27
LAL,GSW,1,2024-01-27
MIA,NYK,0,2024-01-27
MIN,SAS,0,2024-01-27
NOP,MIL,0,2024-01-27
PHI,DEN,0,2024-01-27
SAC,DAL,1,2024-01-27
UTA,CHO,1,2024-01-27
WAS,DET,1,2024-01-27
CHI,POR,1,2024-01-28
MEM,IND,0,2024-01-28
OKC,DET,0,2024-01-28
PHO,ORL,0,2024-01-28
TOR,ATL,0,2024-01-28
LAC,CLE,0,2024-01-29
LAL,HOU,0,2024-01-29
MIL,DEN,0,2024-01-29
MIN,OKC,1,2024-01-29
NOP,BOS,0,2024-01-29
NYK,CHO,1,2024-01-29
ORL,DAL,0,2024-01-29
PHI,POR,0,2024-01-29
PHO,MIA,1,2024-01-29
SAC,MEM,1,2024-01-29
UTA,BRK,0,2024-01-29
WAS,SAS,1,2024-01-29
IND,BOS,0,2024-01-30
LAL,ATL,0,2024-01-30
PHI,GSW,0,2024-01-30
TOR,CHI,1,2024-01-30
UTA,NYK,0,2024-01-30
CHI,CHO,1,2024-01-31
DAL,MIN,0,2024-01-31
DEN,OKC,0,2024-01-31
DET,CLE,0,2024-01-31
LAC,WAS,1,2024-01-31
MIL,POR,0,2024-01-31
NOP,HOU,1,2024-01-31
ORL,SAS,1,2024-01-31
PHO,BRK,1,2024-01-31
SAC,MIA,0,2024-01-31
CLE,MEM,1,2024-02-01
IND,NYK,0,2024-02-01
LAL,BOS,1,2024-02-01
PHI,UTA,1,2024-02-01
CHO,OKC,0,2024-02-02
GSW,MEM,1,2024-02-02
LAC,DET,1,2024-02-02
MIA,WAS,1,2024-02-02
NOP,SAS,1,2024-02-02
ORL,MIN,1,2024-02-02
PHO,ATL,0,2024-02-02
POR,DEN,0,2024-02-02
SAC,IND,1,2024-02-02
TOR,HOU,0,2024-02-02
BRK,PHI,1,2024-02-03
CLE,SAS,1,2024-02-03
GSW,ATL,0,2024-02-03
LAL,NYK,1,2024-02-03
MIL,DAL,1,2024-02-03
SAC,CHI,1,2024-02-03
HOU,MIN,0,2024-02-04
IND,CHO,1,2024-02-04
LAC,MIA,1,2024-02-04
MEM,BOS,0,2024-02-04
MIL,UTA,0,2024-02-04
ORL,DET,1,2024-02-04
PHO,WAS,1,2024-02-04
POR,DEN,0,2024-02-04
TOR,OKC,0,2024-02-04
DAL,PHI,1,2024-02-05
GSW,BRK,1,2024-02-05
LAC,ATL,1,2024-02-05
LAL,CHO,1,2024-02-05
SAC,CLE,0,2024-02-05
TOR,NOP,0,2024-02-05
DAL,BRK,1,2024-02-06
HOU,IND,0,2024-02-06
MEM,NYK,0,2024-02-06
MIL,PHO,0,2024-02-06
MIN,CHI,0,2024-02-06
OKC,UTA,0,2024-02-06
ORL,MIA,0,2024-02-06
ATL,BOS,0,2024-02-07
CLE,WAS,1,2024-02-07
DET,SAC,1,2024-02-07
GSW,PHI,1,2024-02-07
NOP,LAC,1,2024-02-07
SAS,MIA,0,2024-02-07
TOR,CHO,1,2024-02-07
CHI,MEM,1,2024-02-08
CLE,BRK,1,2024-02-08
DAL,NYK,1,2024-02-08
DEN,LAL,1,2024-02-08
DET,POR,1,2024-02-08
GSW,IND,1,2024-02-08
MIN,MIL,1,2024-02-08
SAS,ORL,0,2024-02-08
UTA,PHO,0,2024-02-08
ATL,PHI,1,2024-02-09
CHO,MIL,0,2024-02-09
DEN,SAC,0,2024-02-09
HOU,TOR,0,2024-02-09
NOP,LAL,0,2024-02-09
WAS,BOS,0,2024-02-09
CHI,ORL,0,2024-02-10
CLE,TOR,1,2024-02-10
DET,LAC,0,2024-02-10
HOU,ATL,0,2024-02-10
IND,NYK,1,2024-02-10
MEM,CHO,0,2024-02-10
NOP,POR,1,2024-02-10
OKC,DAL,0,2024-02-10
PHI,WAS,1,2024-02-10
PHO,GSW,0,2024-02-10
SAS,BRK,0,2024-02-10
BOS,MIA,1,2024-02-11
SAC,OKC,0,2024-02-11
CHI,ATL,1,2024-02-12
DEN,MIL,0,2024-02-12
GSW,UTA,1,2024-02-12
IND,CHO,0,2024-02-12
MIN,LAC,1,2024-02-12
NOP,MEM,1,2024-02-12
NYK,HOU,0,2024-02-12
PHI,CLE,1,2024-02-12
SAS,TOR,1,2024-02-12
WAS,DAL,0,2024-02-12
BOS,BRK,1,2024-02-13
DET,LAL,0,2024-02-13
MIA,MIL,1,2024-02-13
MIN,POR,1,2024-02-13
OKC,ORL,1,2024-02-13
SAC,PHO,0,2024-02-13
ATL,CHO,0,2024-02-14
BRK,BOS,0,2024-02-14
CHI,CLE,0,2024-02-14
DET,PHO,0,2024-02-14
HOU,MEM,0,2024-02-14
IND,TOR,1,2024-02-14
LAC,GSW,1,2024-02-14
LAL,UTA,1,2024-02-14
MIA,PHI,1,2024-02-14
NYK,ORL,0,2024-02-14
SAC,DEN,1,2024-02-14
SAS,DAL,0,2024-02-14
WAS,NOP,0,2024-02-14
GSW,UTA,1,2024-02-15
MIL,MEM,0,2024-02-15
MIN,POR,1,2024-02-15
BOS,CHI,1,2024-02-22
BRK,TOR,0,2024-02-22
CHO,UTA,1,2024-02-22
DET,IND,0,2024-02-22
HOU,NOP,0,2024-02-22
LAC,OKC,0,2024-02-22
LAL,GSW,0,2024-02-22
NYK,PHI,1,2024-02-22
ORL,CLE,1,2024-02-22
PHO,DAL,0,2024-02-22
SAS,SAC,0,2024-02-22
WAS,DEN,0,2024-02-22
CHO,GSW,0,2024-02-23
CLE,PHI,0,2024-02-23
DEN,POR,1,2024-02-23
LAC,MEM,1,2024-02-23
MIA,NOP,1,2024-02-23
MIL,MIN,1,2024-02-23
PHO,HOU,0,2024-02-23
SAS,LAL,0,2024-02-23
TOR,ATL,1,2024-02-23
WAS,OKC,0,2024-02-23
BOS,NYK,1,2024-02-24
BRK,MIN,0,2024-02-24
ORL,DET,1,2024-02-24
CHI,NOP,1,2024-02-25
CHO,POR,1,2024-02-25
CLE,WAS,1,2024-02-25
DAL,IND,0,2024-02-25
DEN,GSW,1,2024-02-25
LAL,PHO,0,2024-02-25
MIL,PHI,1,2024-02-25
OKC,HOU,1,2024-02-25
ORL,ATL,0,2024-02-25
SAC,LAC,1,2024-02-25
SAS,UTA,0,2024-02-25
BRK,MEM,1,2024-02-26
DET,NYK,0,2024-02-26
MIA,SAC,1,2024-02-26
TOR,IND,1,2024-02-26
BRK,ORL,0,2024-02-27
CHO,MIL,0,2024-02-27
DAL,CLE,0,2024-02-27
DET,CHI,1,2024-02-27
GSW,WAS,1,2024-02-27
HOU,OKC,0,2024-02-27
MIA,POR,1,2024-02-27
NOP,NYK,1,2024-02-27
PHI,BOS,0,2024-02-27
SAS,MIN,0,2024-02-27
UTA,ATL,0,2024-02-27
CLE,CHI,0,2024-02-28
DAL,TOR,1,2024-02-28
LAL,LAC,1,2024-02-28
MEM,MIN,0,2024-02-28
NOP,IND,0,2024-02-28
SAC,DEN,0,2024-02-28
ATL,BRK,0,2024-02-29
GSW,NYK,1,2024-02-29
HOU,PHO,0,2024-02-29
MIA,DEN,0,2024-02-29
MIL,CHO,1,2024-02-29
OKC,SAS,0,2024-02-29
UTA,ORL,0,2024-02-29
WAS,LAL,0,2024-02-29
CHO,PHI,0,2024-03-01
CLE,DET,1,2024-03-01
DAL,BOS,0,2024-03-01
GSW,TOR,1,2024-03-01
IND,NOP,0,2024-03-01
MIL,CHI,1,2024-03-01
POR,MEM,1,2024-03-01
SAC,MIN,1,2024-03-01
WAS,LAC,0,2024-03-01
ATL,BRK,0,2024-03-02
DEN,LAL,1,2024-03-02
HOU,PHO,1,2024-03-02
POR,MEM,1,2024-03-02
UTA,MIA,0,2024-03-02
CHO,TOR,0,2024-03-03
DET,ORL,0,2024-03-03
GSW,BOS,0,2024-03-03
IND,SAS,0,2024-03-03
LAC,MIN,1,2024-03-03
NYK,CLE,1,2024-03-03
OKC,PHO,1,2024-03-03
PHI,DAL,1,2024-03-03
CHI,SAC,1,2024-03-04
LAC,MIL,0,2024-03-04
MEM,BRK,1,2024-03-04
OKC,LAL,0,2024-03-04
POR,MIN,0,2024-03-04
WAS,UTA,0,2024-03-04
ATL,NYK,1,2024-03-05
BOS,CLE,0,2024-03-05
DET,MIA,0,2024-03-05
IND,DAL,1,2024-03-05
NOP,TOR,1,2024-03-05
ORL,CHO,1,2024-03-05
PHI,BRK,0,2024-03-05
PHO,DEN,1,2024-03-05
SAS,HOU,0,2024-03-05
CHI,UTA,1,2024-03-06
CLE,ATL,0,2024-03-06
LAC,HOU,1,2024-03-06
MEM,PHI,1,2024-03-06
MIL,GSW,0,2024-03-06
OKC,POR,1,2024-03-06
ORL,WAS,1,2024-03-06
SAC,LAL,1,2024-03-06
BOS,DEN,0,2024-03-07
BRK,DET,0,2024-03-07
CHI,GSW,1,2024-03-07
MIA,DAL,0,2024-03-07
MIN,IND,1,2024-03-07
SAS,SAC,0,2024-03-07
TOR,PHO,0,2024-03-07
ATL,MEM,1,2024-03-08
CHO,WAS,0,2024-03-08
HOU,POR,1,2024-03-08
MIA,OKC,0,2024-03-08
MIL,LAL,0,2024-03-08
MIN,CLE,0,2024-03-08
NOP,PHI,1,2024-03-08
ORL,NYK,0,2024-03-08
BOS,PHO,1,2024-03-09
BRK,CHO,0,2024-03-09
CHI,LAC,0,2024-03-09
DAL,DET,1,2024-03-09
SAS,GSW,1,2024-03-09
TOR,POR,0,2024-03-09
UTA,DEN,0,2024-03-09
BRK,CLE,1,2024-03-10
HOU,SAC,1,2024-03-10
IND,ORL,1,2024-03-10
MEM,OKC,0,2024-03-10
MIL,LAC,1,2024-03-10
MIN,LAL,0,2024-03-10
NOP,ATL,1,2024-03-10
PHI,NYK,1,2024-03-10
WAS,MIA,1,2024-03-10
BOS,POR,1,2024-03-11
CHO,DET,0,2024-03-11
DAL,CHI,1,2024-03-11
GSW,SAS,1,2024-03-11
PHO,CLE,1,2024-03-11
TOR,DEN,0,2024-03-11
BOS,UTA,1,2024-03-12
HOU,SAS,1,2024-03-12
IND,OKC,1,2024-03-12
MIL,SAC,0,2024-03-12
MIN,LAC,1,2024-03-12
PHI,NYK,0,2024-03-12
WAS,MEM,0,2024-03-12
ATL,POR,0,2024-03-13
BRK,ORL,0,2024-03-13
CHI,IND,1,2024-03-13
CHO,MEM,1,2024-03-13
CLE,NOP,1,2024-03-13
DEN,MIA,1,2024-03-13
GSW,DAL,0,2024-03-13
LAL,SAC,0,2024-03-13
TOR,DET,0,2024-03-13
DAL,OKC,0,2024-03-14
LAC,CHI,1,2024-03-14
NYK,POR,1,2024-03-14
PHI,MIL,0,2024-03-14
PHO,BOS,0,2024-03-14
WAS,HOU,0,2024-03-14
ATL,UTA,0,2024-03-15
DEN,SAS,1,2024-03-15
LAC,NOP,0,2024-03-15
MIA,DET,1,2024-03-15
ORL,TOR,1,2024-03-15
PHO,CHO,1,2024-03-15
BRK,IND,0,2024-03-16
CHO,PHI,0,2024-03-16
CLE,HOU,0,2024-03-16
GSW,LAL,1,2024-03-16
MIN,UTA,1,2024-03-16
NYK,SAC,1,2024-03-16
OKC,MEM,1,2024-03-16
POR,NOP,0,2024-03-16
WAS,CHI,0,2024-03-16
ATL,LAC,1,2024-03-17
BOS,WAS,1,2024-03-17
BRK,SAS,0,2024-03-17
DEN,DAL,0,2024-03-17
MIA,DET,1,2024-03-17
PHO,MIL,0,2024-03-17
TOR,ORL,0,2024-03-17
ATL,LAL,0,2024-03-18
CLE,IND,1,2024-03-18
DET,BOS,0,2024-03-18
MEM,SAC,0,2024-03-18
MIA,PHI,0,2024-03-18
MIN,UTA,1,2024-03-18
NYK,GSW,1,2024-03-18
POR,CHI,0,2024-03-18
CHO,ORL,0,2024-03-19
DAL,SAS,1,2024-03-19
DEN,MIN,1,2024-03-19
HOU,WAS,1,2024-03-19
NOP,BRK,1,2024-03-19
IND,DET,1,2024-03-20
LAC,POR,1,2024-03-20
MEM,GSW,0,2024-03-20
MIA,CLE,1,2024-03-20
MIL,BOS,0,2024-03-20
PHI,PHO,0,2024-03-20
SAC,TOR,1,2024-03-20
UTA,OKC,0,2024-03-20
ATL,PHO,0,2024-03-21
BRK,MIL,0,2024-03-21
CHI,HOU,0,2024-03-21
NOP,ORL,0,2024-03-21
NYK,DEN,0,2024-03-21
SAC,WAS,0,2024-03-21
UTA,DAL,0,2024-03-21
BOS,DET,1,2024-03-22
CLE,MIN,0,2024-03-22
IND,GSW,1,2024-03-22
LAC,POR,1,2024-03-22
MEM,SAS,1,2024-03-22
NOP,MIA,1,2024-03-22
OKC,TOR,1,2024-03-22
PHI,LAL,0,2024-03-22
BOS,CHI,1,2024-03-23
BRK,NYK,0,2024-03-23
CHO,ATL,0,2024-03-23
DEN,POR,1,2024-03-23
PHO,SAS,1,2024-03-23
SAC,ORL,1,2024-03-23
TOR,WAS,0,2024-03-23
UTA,HOU,0,2024-03-23
CLE,MIA,0,2024-03-24
GSW,MIN,0,2024-03-24
IND,LAL,0,2024-03-24
NOP,DET,1,2024-03-24
OKC,MIL,0,2024-03-24
PHI,LAC,1,2024-03-24
BOS,ATL,0,2024-03-25
BRK,TOR,1,2024-03-25
CHO,CLE,0,2024-03-25
DAL,UTA,1,2024-03-25
DET,NYK,0,2024-03-25
IND,LAC,1,2024-03-25
MEM,DEN,0,2024-03-25
PHI,SAC,0,2024-03-25
PHO,SAS,0,2024-03-25
POR,HOU,0,2024-03-25
WAS,CHI,1,2024-03-25
DAL,SAC,1,2024-03-26
GSW,MIA,1,2024-03-26
LAL,MIL,1,2024-03-26
OKC,NOP,1,2024-03-26
BRK,WAS,1,2024-03-27
CLE,CHO,0,2024-03-27
DET,MIN,0,2024-03-27
GSW,ORL,1,2024-03-27
HOU,OKC,1,2024-03-27
IND,CHI,0,2024-03-27
LAC,PHI,1,2024-03-27
LAL,MEM,1,2024-03-27
NYK,TOR,1,2024-03-27
PHO,DEN,1,2024-03-27
POR,ATL,0,2024-03-27
SAS,UTA,1,2024-03-27
BOS,ATL,0,2024-03-28
MIL,NOP,0,2024-03-28
CHI,BRK,0,2024-03-29
DAL,SAC,1,2024-03-29
DET,WAS,1,2024-03-29
GSW,CHO,1,2024-03-29
HOU,UTA,1,2024-03-29
LAC,ORL,1,2024-03-29
LAL,IND,0,2024-03-29
MIN,DEN,1,2024-03-29
NYK,SAS,0,2024-03-29
PHI,CLE,0,2024-03-29
PHO,OKC,0,2024-03-29
POR,MIA,0,2024-03-29
BOS,NOP,1,2024-03-30
MEM,ORL,0,2024-03-30
MIL,ATL,1,2024-03-30
CHI,MIN,1,2024-03-31
CLE,DEN,0,2024-03-31
DAL,HOU,1,2024-03-31
GSW,SAS,1,2024-03-31
LAC,CHO,1,2024-03-31
LAL,BRK,1,2024-03-31
MIA,WAS,1,2024-03-31
OKC,NYK,1,2024-03-31
PHI,TOR,1,2024-03-31
UTA,SAC,0,2024-03-31
ATL,CHI,1,2024-04-01
BOS,CHO,1,2024-04-01
BRK,IND,0,2024-04-01
MEM,DET,1,2024-04-01
PHO,NOP,1,2024-04-01
POR,ORL,0,2024-04-01
CLE,UTA,1,2024-04-02
DAL,GSW,0,2024-04-02
HOU,MIN,0,2024-04-02
LAC,SAC,0,2024-04-02
LAL,TOR,1,2024-04-02
MIL,WAS,0,2024-04-02
NYK,MIA,0,2024-04-02
OKC,PHI,0,2024-04-02
SAS,DEN,0,2024-04-02
CLE,PHO,0,2024-04-03
DET,ATL,0,2024-04-03
IND,BRK,0,2024-04-03
LAL,WAS,1,2024-04-03
MEM,MIL,1,2024-04-03
OKC,BOS,0,2024-04-03
ORL,NOP,1,2024-04-03
POR,CHO,1,2024-04-03
TOR,MIN,0,2024-04-03
ATL,DAL,0,2024-04-04
DEN,LAC,0,2024-04-04
GSW,HOU,1,2024-04-04
PHI,MIA,1,2024-04-04
SAC,NYK,0,2024-04-04
DET,MEM,0,2024-04-05
GSW,DAL,0,2024-04-05
MIA,HOU,1,2024-04-05
MIN,PHO,0,2024-04-05
NYK,CHI,0,2024-04-05
OKC,IND,0,2024-04-05
ORL,CHO,0,2024-04-05
POR,WAS,1,2024-04-05
SAC,BOS,0,2024-04-05
SAS,NOP,1,2024-04-05
TOR,MIL,1,2024-04-05
UTA,LAC,0,2024-04-05
ATL,DEN,0,2024-04-06
CLE,LAL,0,2024-04-06
DET,BRK,0,2024-04-06
PHI,MEM,1,2024-04-06
CHI,ORL,0,2024-04-07
CLE,LAC,0,2024-04-07
HOU,DAL,0,2024-04-07
MIA,IND,0,2024-04-07
MIN,LAL,1,2024-04-07
NOP,PHO,1,2024-04-07
NYK,MIL,1,2024-04-07
OKC,CHO,1,2024-04-07
PHI,SAS,1,2024-04-07
POR,BOS,0,2024-04-07
SAC,BRK,1,2024-04-07
UTA,GSW,0,2024-04-07
WAS,TOR,0,2024-04-07
BOS,MIL,0,2024-04-09
DAL,CHO,1,2024-04-09
DEN,UTA,1,2024-04-09
DET,PHI,0,2024-04-09
GSW,LAL,1,2024-04-09
IND,TOR,1,2024-04-09
LAC,PHO,1,2024-04-09
MIA,ATL,1,2024-04-09
NOP,POR,1,2024-04-09
NYK,CHI,1,2024-04-09
ORL,HOU,0,2024-04-09
SAC,OKC,0,2024-04-09
SAS,MEM,1,2024-04-09
WAS,MIN,0,2024-04-09
CHO,ATL,1,2024-04-10
DAL,MIA,1,2024-04-10
MEM,CLE,0,2024-04-10
MIN,DEN,0,2024-04-10
ORL,MIL,0,2024-04-10
PHO,LAC,1,2024-04-10
SAS,OKC,0,2024-04-10
TOR,BRK,0,2024-04-10
CHI,DET,1,2024-04-11
GSW,POR,1,2024-04-11
HOU,UTA,0,2024-04-11
NOP,SAC,1,2024-04-11
NYK,BOS,1,2024-04-11
ATL,MIN,0,2024-04-12
BRK,NYK,0,2024-04-12
CHI,WAS,1,2024-04-12
CHO,BOS,0,2024-04-12
DEN,SAS,0,2024-04-12
DET,DAL,1,2024-04-12
HOU,POR,1,2024-04-12
IND,CLE,0,2024-04-12
LAL,MEM,1,2024-04-12
MIL,OKC,0,2024-04-12
NOP,GSW,1,2024-04-12
ORL,PHI,0,2024-04-12
PHO,SAC,1,2024-04-12
TOR,MIA,0,2024-04-12
UTA,LAC,1,2024-04-12
ATL,IND,0,2024-04-14
BRK,PHI,0,2024-04-14
CHI,NYK,0,2024-04-14
CHO,CLE,1,2024-04-14
DAL,OKC,0,2024-04-14
DEN,MEM,1,2024-04-14
DET,SAS,0,2024-04-14
HOU,LAC,1,2024-04-14
LAL,NOP,1,2024-04-14
MIL,ORL,0,2024-04-14
PHO,MIN,1,2024-04-14
POR,SAC,0,2024-04-14
TOR,MIA,0,2024-04-14
UTA,GSW,0,2024-04-14
WAS,BOS,0,2024-04-14
